Vehicle Number,Institute,Point 1 geocode,Point 2 geocode,Distance pt 1 to 2 (km),Distance from pt 2 to 1 (km)
KA43XY001,John,"13.017868183901259, 77.64296379503004","13.019454411605704, 77.65593389503012",tbd,tbd
KA43XY002,Doe,"13.017868183901259, 77.64296379503004","13.123257561730664, 77.59216357740112",tbd,tbd
